table,description,links
abnorm,,
abundance,,
abundance_delta,,
acknowledge,,
address,,
algalspecies,,
alieninvasive,,
allgenus,,
aquamaps,,
aquarium,,
aquariumref,,
biblio,,
brains,,
c_species,,
cfm_glossary_zzz,,
checklist,,
ciguafb,,
cl50,,
classes,,
collectionsref,,
comnames,,
comnames_all,,
countfao,,
countfaoref,,
countref,,
countref_fromfbapp,,
countref.old,,
countregion,,
country,,
country_slb,,
country.orig,,
countrymatrix_01,,
countrymatrix_02,,
countrymatrix_03,,
countrymatrix_04,,
countrymatrix_05,,
countrymatrix_06,,
countrymatrix_07,,
countrymatrix_08,,
countrymatrix_09,,
countrymatrix_10,,
countrymatrix_slot,,
countrysub,,
countrysubref,,
cultsys,,
diet,,
diet_items,,
diseases,,
dispic,,
ecology,,
ecomodelecosystem,,
ecosysfam,,
ecosyslhref,,
ecosystem,,
ecosystemcntref,,
ecosystemcountry,,
ecosystemfaoref,,
ecosystemref,,
eggdev,,
eggnurserysystem,,
eggs,,
elecstudies,,
encoderstatus,,
encodertable,,
esortaquafaoarreftoo,,
esortaquafaocountrytoo,,
esortaquafaospec,,
esortcatchesspec,,
esortcatchesspec_ices,,
esortcountrycatches,,
esortcountrycatches_ices,,
esortfaocatchestoo,,
esortfaocatchestoo_ices,,
estimate,,
estimatedepth,,
expeditions,,
families,,
faoaquacult,,
faoareas,,
faoarfam,,
faoarord,,
faoarref,,
faocatch,,
faocatch_old,,
fecundity,,
fl_fish,,
fl_location,,
fl_losses,,
food,,
foodecosystemtype,,
fooditems,,
foodtroph,,
fubh,,
gazetteer,,
genedat,,
genera,,
genetics,,
gillarea,,
glossary,,
icescatch,,
intrcase,,
isscaap,,
isscaap_w,,
isscaap_x,,
isscaap_xx,,
journal,,
journals,,
keyquestions,,
keys,,
label_index,,
label_index_orig,,
language,,
languagecountry,,
languagegroup,,
languagescript,,
languagescriptcountry,,
larvae,,
larvaepresence,,
larvalnurserysystem,,
larvalswimspeed,,
larvdyn,,
massconversion,,
matrix,,
maturity,,
maturity_prev,,
morphdat,,
morphmet,,
museum,,
museums,,
myersrecruitmentdatabase,,
nolw_01,,
nolw_02,,
nolw_03,,
nolw_04,,
nolw_05,,
nolw_06,,
nolw_07,,
nolw_08,,
nolw_09,,
nolw_10,,
nolw_slot,,
occurrence,,
occurrenceliterature,,
oceanprovfaoref,,
oceanprovinces,,
oceanprovincesref,,
orderage,,
orders,,
oxygen,,
photourl,,
phylumclass,,
phylumlist,,
phylums,,
picturesmain,,
picturesmainx,,
picturetype,,
pop_rm,,
popchar,,
popgrowth,,
popgrowth_prev,,
poplf,,
poplfdata,,
popll,,
poplw,,
poplw_prev,,
popqb,,
predatorecosystemtype,,
predatorhierarchy,,
predatortroph,,
predats,,
proxims,,
ration,,
refrens,,
refrens.orig,,
reproduc,,
revisions,,
seafoodad,,
seafoodadref,,
searchpagestats,,
sounds,,
spawning,,
species,,
species_famcode,,
species_hierarchy,,
speciesgroups,,
speed,,
sponsors,,
stocks,,
stocks.orig,,
strains,,
swimming,,
synonyms,,
tabnotes,,
taxamatch,,
taxamatch_epithet,,
vision,,
webfish,,
whatsnew,,
zweb_picturetype,,
zweb_picturetype_lifestage,,
zweb_speciesgroups,,
